[
    {
        "nombre": "LAUREEN",
        "apellido": "SIMONIS",
        "edad": 22,
        "email": "LAUREEN.SIMONIS.3@OUTLOOK.COM"
    },
    {
        "nombre": "ANTWAN",
        "apellido": "MERTZ",
        "edad": 25,
        "email": "ANTWAN.MERTZ.34@APPLE.COM"
    },
    {
        "nombre": "COLUMBUS",
        "apellido": "DUBUQUE",
        "edad": 55,
        "email": "COLUMBUS.DUBUQUE.35@APPLE.COM"
    },
    {
        "nombre": "BERNIECE",
        "apellido": "WEHNER",
        "edad": 51,
        "email": "BERNIECE.WEHNER.11@OUTLOOK.COM"
    },
    {
        "nombre": "MONTY",
        "apellido": "SKILES",
        "edad": 48,
        "email": "MONTY.SKILES.15@OUTLOOK.COM"
    },
    {
        "nombre": "LUVENIA",
        "apellido": "KONOPELSKI",
        "edad": 35,
        "email": "LUVENIA.KONOPELSKI.34@APPLE.COM"
    },
    {
        "nombre": "ESTEBAN",
        "apellido": "HOWELL",
        "edad": 40,
        "email": "ESTEBAN.HOWELL.5@HOTMAIL.COM"
    },
    {
        "nombre": "DORTHA",
        "apellido": "CARROLL",
        "edad": 43,
        "email": "DORTHA.CARROLL.31@GMAIL.COM"
    },
    {
        "nombre": "JEANNIE",
        "apellido": "HAUCK",
        "edad": 38,
        "email": "JEANNIE.HAUCK.6@GMAIL.COM"
    },
    {
        "nombre": "ROCKY",
        "apellido": "WEST",
        "edad": 23,
        "email": "ROCKY.WEST.33@HOTMAIL.COM"
    },
    {
        "nombre": "MORGAN",
        "apellido": "CASSIN",
        "edad": 21,
        "email": "MORGAN.CASSIN.32@OUTLOOK.COM"
    },
    {
        "nombre": "BUSTER",
        "apellido": "O'KEEFE",
        "edad": 46,
        "email": "BUSTER.O'KEEFE.2@OUTLOOK.COM"
    },
    {
        "nombre": "MILO",
        "apellido": "COLLINS",
        "edad": 24,
        "email": "MILO.COLLINS.15@OUTLOOK.COM"
    },
    {
        "nombre": "YUN",
        "apellido": "ADAMS",
        "edad": 38,
        "email": "YUN.ADAMS.11@APPLE.COM"
    },
    {
        "nombre": "ADAM",
        "apellido": "BECKER",
        "edad": 41,
        "email": "ADAM.BECKER.27@OUTLOOK.COM"
    },
    {
        "nombre": "DONOVAN",
        "apellido": "KILBACK",
        "edad": 42,
        "email": "DONOVAN.KILBACK.47@OUTLOOK.COM"
    },
    {
        "nombre": "TEODORA",
        "apellido": "FRAMI",
        "edad": 52,
        "email": "TEODORA.FRAMI.3@OUTLOOK.COM"
    },
    {
        "nombre": "GALE",
        "apellido": "CRONA",
        "edad": 23,
        "email": "GALE.CRONA.30@APPLE.COM"
    },
    {
        "nombre": "KITTIE",
        "apellido": "PROHASKA",
        "edad": 49,
        "email": "KITTIE.PROHASKA.44@GMAIL.COM"
    },
    {
        "nombre": "MARIO",
        "apellido": "ABBOTT",
        "edad": 29,
        "email": "MARIO.ABBOTT.3@HOTMAIL.COM"
    },
    {
        "nombre": "JOAN",
        "apellido": "LUBOWITZ",
        "edad": 20,
        "email": "JOAN.LUBOWITZ.14@GMAIL.COM"
    },
    {
        "nombre": "EUNICE",
        "apellido": "LUBOWITZ",
        "edad": 22,
        "email": "EUNICE.LUBOWITZ.11@OUTLOOK.COM"
    },
    {
        "nombre": "LASHELL",
        "apellido": "ORTIZ",
        "edad": 36,
        "email": "LASHELL.ORTIZ.16@HOTMAIL.COM"
    },
    {
        "nombre": "WYNELL",
        "apellido": "NIENOW",
        "edad": 55,
        "email": "WYNELL.NIENOW.43@APPLE.COM"
    },
    {
        "nombre": "THEDA",
        "apellido": "EMARD",
        "edad": 40,
        "email": "THEDA.EMARD.2@HOTMAIL.COM"
    },
    {
        "nombre": "DALLAS",
        "apellido": "ERNSER",
        "edad": 55,
        "email": "DALLAS.ERNSER.28@OUTLOOK.COM"
    },
    {
        "nombre": "JODY",
        "apellido": "MORAR",
        "edad": 30,
        "email": "JODY.MORAR.30@OUTLOOK.COM"
    },
    {
        "nombre": "DEWITT",
        "apellido": "LYNCH",
        "edad": 48,
        "email": "DEWITT.LYNCH.35@OUTLOOK.COM"
    },
    {
        "nombre": "ORVAL",
        "apellido": "DIBBERT",
        "edad": 34,
        "email": "ORVAL.DIBBERT.39@APPLE.COM"
    },
    {
        "nombre": "RUFUS",
        "apellido": "DONNELLY",
        "edad": 39,
        "email": "RUFUS.DONNELLY.11@HOTMAIL.COM"
    },
    {
        "nombre": "WALTRAUD",
        "apellido": "KESSLER",
        "edad": 50,
        "email": "WALTRAUD.KESSLER.2@APPLE.COM"
    },
    {
        "nombre": "TENNILLE",
        "apellido": "RUNOLFSDOTTIR",
        "edad": 27,
        "email": "TENNILLE.RUNOLFSDOTTIR.6@OUTLOOK.COM"
    },
    {
        "nombre": "CRISTA",
        "apellido": "MRAZ",
        "edad": 24,
        "email": "CRISTA.MRAZ.17@HOTMAIL.COM"
    },
    {
        "nombre": "AURELIO",
        "apellido": "BINS",
        "edad": 36,
        "email": "AURELIO.BINS.9@HOTMAIL.COM"
    },
    {
        "nombre": "SEPTEMBER",
        "apellido": "WIZA",
        "edad": 23,
        "email": "SEPTEMBER.WIZA.22@APPLE.COM"
    },
    {
        "nombre": "CASIE",
        "apellido": "DANIEL",
        "edad": 49,
        "email": "CASIE.DANIEL.38@HOTMAIL.COM"
    },
    {
        "nombre": "EDDY",
        "apellido": "SANFORD",
        "edad": 58,
        "email": "EDDY.SANFORD.7@APPLE.COM"
    },
    {
        "nombre": "JOSPEH",
        "apellido": "DIBBERT",
        "edad": 31,
        "email": "JOSPEH.DIBBERT.49@APPLE.COM"
    },
    {
        "nombre": "WILBURN",
        "apellido": "WINDLER",
        "edad": 39,
        "email": "WILBURN.WINDLER.21@HOTMAIL.COM"
    },
    {
        "nombre": "DANTE",
        "apellido": "REMPEL",
        "edad": 22,
        "email": "DANTE.REMPEL.47@APPLE.COM"
    },
    {
        "nombre": "ASSUNTA",
        "apellido": "DICKENS",
        "edad": 29,
        "email": "ASSUNTA.DICKENS.13@OUTLOOK.COM"
    },
    {
        "nombre": "KIM",
        "apellido": "WALSH",
        "edad": 58,
        "email": "KIM.WALSH.8@HOTMAIL.COM"
    },
    {
        "nombre": "DIONE",
        "apellido": "MOHR",
        "edad": 24,
        "email": "DIONE.MOHR.41@APPLE.COM"
    },
    {
        "nombre": "GERI",
        "apellido": "SCHMIDT",
        "edad": 56,
        "email": "GERI.SCHMIDT.9@OUTLOOK.COM"
    },
    {
        "nombre": "GWYN",
        "apellido": "RAU",
        "edad": 55,
        "email": "GWYN.RAU.42@GMAIL.COM"
    },
    {
        "nombre": "KRAIG",
        "apellido": "GRANT",
        "edad": 53,
        "email": "KRAIG.GRANT.49@GMAIL.COM"
    },
    {
        "nombre": "RILEY",
        "apellido": "TOY",
        "edad": 42,
        "email": "RILEY.TOY.46@HOTMAIL.COM"
    },
    {
        "nombre": "ROSALYN",
        "apellido": "SCHMIDT",
        "edad": 28,
        "email": "ROSALYN.SCHMIDT.48@OUTLOOK.COM"
    },
    {
        "nombre": "CARLI",
        "apellido": "HARBER",
        "edad": 48,
        "email": "CARLI.HARBER.35@HOTMAIL.COM"
    },
    {
        "nombre": "GROVER",
        "apellido": "JAST",
        "edad": 49,
        "email": "GROVER.JAST.32@HOTMAIL.COM"
    }
]
